case,seed,family,target_sparsity,block_size,executor,realized_sparsity_mean,median_ms,p95_ms,speedup_vs_dense
run1-B8-s40-clustered.json,1701,clustered,0.4,8,dense_accelerate,0.0,0.001167,0.0015171999999999998,1.0
run1-B8-s40-clustered.json,1701,clustered,0.4,8,irregular_native,0.375,0.001542,0.001642,0.7568093385214009
run1-B8-s40-clustered.json,1701,clustered,0.4,8,irregular_expanded_native,0.375,0.001625,0.0016577999999999999,0.7181538461538463
run1-B8-s40-clustered.json,1701,clustered,0.4,8,block_native,0.375,0.001416,0.0019082,0.8241525423728815
run1-B8-s40-clustered.json,1701,clustered,0.4,8,block_accelerate,0.375,0.002333,0.0025748,0.5002143163309044
run1-B32-s20-scattered.json,1701,scattered,0.2,32,dense_accelerate,0.0,0.001166,0.0012744,1.0
run1-B32-s20-scattered.json,1701,scattered,0.2,32,irregular_native,0.203125,0.001375,0.001791,0.848
run1-B32-s20-scattered.json,1701,scattered,0.2,32,irregular_expanded_native,0.0,0.001958,0.0020336,0.595505617977528
run1-B32-s20-scattered.json,1701,scattered,0.2,32,block_native,0.0,0.001416,0.0018415999999999999,0.8234463276836158
run1-B32-s20-scattered.json,1701,scattered,0.2,32,block_accelerate,0.0,0.001583,0.001833,0.7365761212886923
run1-B64-s40-scattered.json,1701,scattered,0.4,64,dense_accelerate,0.0,0.001,0.0015421999999999999,1.0
run1-B64-s40-scattered.json,1701,scattered,0.4,64,irregular_native,0.3984375,0.001084,0.0013004,0.9225092250922511
run1-B64-s40-scattered.json,1701,scattered,0.4,64,irregular_expanded_native,0.0,0.0015,0.001933,0.6666666666666666
run1-B64-s40-scattered.json,1701,scattered,0.4,64,block_native,0.0,0.001292,0.001683,0.7739938080495357
run1-B64-s40-scattered.json,1701,scattered,0.4,64,block_accelerate,0.0,0.001167,0.0014172,0.856898029134533
run1-B16-s30-scattered.json,1701,scattered,0.3,16,dense_accelerate,0.0,0.001042,0.0015417999999999999,1.0
run1-B16-s30-scattered.json,1701,scattered,0.3,16,irregular_native,0.296875,0.001167,0.0014088,0.8928877463581832
run1-B16-s30-scattered.json,1701,scattered,0.3,16,irregular_expanded_native,0.0,0.001834,0.0019421999999999998,0.5681570338058888
run1-B16-s30-scattered.json,1701,scattered,0.3,16,block_native,0.0,0.00175,0.0018583999999999999,0.5954285714285714
run1-B16-s30-scattered.json,1701,scattered,0.3,16,block_accelerate,0.0,0.001791,0.0021668,0.5817978782802903
run1-B16-s20-clustered.json,1701,clustered,0.2,16,dense_accelerate,0.0,0.001084,0.0013249999999999998,1.0
run1-B16-s20-clustered.json,1701,clustered,0.2,16,irregular_native,0.25,0.001208,0.0017829999999999999,0.8973509933774833
run1-B16-s20-clustered.json,1701,clustered,0.2,16,irregular_expanded_native,0.25,0.001542,0.0017419999999999998,0.7029831387808041
run1-B16-s20-clustered.json,1701,clustered,0.2,16,block_native,0.25,0.001166,0.0016254,0.9296740994854202
run1-B16-s20-clustered.json,1701,clustered,0.2,16,block_accelerate,0.25,0.0015,0.0021831999999999997,0.7226666666666666
run1-B64-s20-clustered.json,1701,clustered,0.2,64,dense_accelerate,0.0,0.001,0.0011083999999999998,1.0
run1-B64-s20-clustered.json,1701,clustered,0.2,64,irregular_native,0.0,0.001625,0.0020666,0.6153846153846154
run1-B64-s20-clustered.json,1701,clustered,0.2,64,irregular_expanded_native,0.0,0.001875,0.0019168,0.5333333333333333
run1-B64-s20-clustered.json,1701,clustered,0.2,64,block_native,0.0,0.0015,0.0015748,0.6666666666666666
run1-B64-s20-clustered.json,1701,clustered,0.2,64,block_accelerate,0.0,0.001167,0.0015252,0.856898029134533
run1-B16-s20-scattered.json,1701,scattered,0.2,16,dense_accelerate,0.0,0.001083,0.0013583999999999998,1.0
run1-B16-s20-scattered.json,1701,scattered,0.2,16,irregular_native,0.203125,0.001417,0.0016834,0.7642907551164432
run1-B16-s20-scattered.json,1701,scattered,0.2,16,irregular_expanded_native,0.0,0.002,0.0021000000000000003,0.5415
run1-B16-s20-scattered.json,1701,scattered,0.2,16,block_native,0.0,0.0015,0.0018746,0.722
run1-B16-s20-scattered.json,1701,scattered,0.2,16,block_accelerate,0.0,0.002,0.0023664,0.5415
run1-B8-s30-clustered.json,1701,clustered,0.3,8,dense_accelerate,0.0,0.001083,0.0016255999999999998,1.0
run1-B8-s30-clustered.json,1701,clustered,0.3,8,irregular_native,0.3125,0.001166,0.0013583999999999998,0.9288164665523156
run1-B8-s30-clustered.json,1701,clustered,0.3,8,irregular_expanded_native,0.3125,0.001333,0.0013993999999999999,0.8124531132783196
run1-B8-s30-clustered.json,1701,clustered,0.3,8,block_native,0.3125,0.00125,0.0016082,0.8664
run1-B8-s30-clustered.json,1701,clustered,0.3,8,block_accelerate,0.3125,0.001958,0.0024414000000000003,0.5531154239019407
run1-B8-s40-scattered.json,1701,scattered,0.4,8,dense_accelerate,0.0,0.001083,0.0013249999999999998,1.0
run1-B8-s40-scattered.json,1701,scattered,0.4,8,irregular_native,0.3984375,0.00125,0.0014422,0.8664
run1-B8-s40-scattered.json,1701,scattered,0.4,8,irregular_expanded_native,0.0,0.001958,0.002083,0.5531154239019407
run1-B8-s40-scattered.json,1701,scattered,0.4,8,block_native,0.0,0.001917,0.002492,0.5649452269170578
run1-B8-s40-scattered.json,1701,scattered,0.4,8,block_accelerate,0.0,0.002792,0.0037416,0.3878939828080229
run1-B64-s20-scattered.json,1701,scattered,0.2,64,dense_accelerate,0.0,0.001042,0.001442,1.0
run1-B64-s20-scattered.json,1701,scattered,0.2,64,irregular_native,0.203125,0.00125,0.0016586,0.8335999999999999
run1-B64-s20-scattered.json,1701,scattered,0.2,64,irregular_expanded_native,0.0,0.001875,0.001875,0.5557333333333333
run1-B64-s20-scattered.json,1701,scattered,0.2,64,block_native,0.0,0.001208,0.0015418,0.8625827814569536
run1-B64-s20-scattered.json,1701,scattered,0.2,64,block_accelerate,0.0,0.001167,0.0014168,0.8928877463581832
run1-B32-s30-clustered.json,1701,clustered,0.3,32,dense_accelerate,0.0,0.001083,0.0012839999999999998,1.0
run1-B32-s30-clustered.json,1701,clustered,0.3,32,irregular_native,0.25,0.001167,0.0015496,0.9280205655526992
run1-B32-s30-clustered.json,1701,clustered,0.3,32,irregular_expanded_native,0.25,0.001458,0.0014918,0.7427983539094649
run1-B32-s30-clustered.json,1701,clustered,0.3,32,block_native,0.25,0.001042,0.0012828,1.0393474088291748
run1-B32-s30-clustered.json,1701,clustered,0.3,32,block_accelerate,0.25,0.001208,0.0014422,0.896523178807947
run1-B64-s30-clustered.json,1701,clustered,0.3,64,dense_accelerate,0.0,0.001125,0.0013334,1.0
run1-B64-s30-clustered.json,1701,clustered,0.3,64,irregular_native,0.5,0.000875,0.0012166,1.2857142857142856
run1-B64-s30-clustered.json,1701,clustered,0.3,64,irregular_expanded_native,0.5,0.001041,0.001267,1.0806916426512967
run1-B64-s30-clustered.json,1701,clustered,0.3,64,block_native,0.5,0.000875,0.000975,1.2857142857142856
run1-B64-s30-clustered.json,1701,clustered,0.3,64,block_accelerate,0.5,0.00075,0.0009666,1.4999999999999998
run1-B16-s30-clustered.json,1701,clustered,0.3,16,dense_accelerate,0.0,0.001083,0.001625,1.0
run1-B16-s30-clustered.json,1701,clustered,0.3,16,irregular_native,0.25,0.001834,0.0021000000000000003,0.5905125408942203
run1-B16-s30-clustered.json,1701,clustered,0.3,16,irregular_expanded_native,0.25,0.001792,0.0018666,0.6043526785714286
run1-B16-s30-clustered.json,1701,clustered,0.3,16,block_native,0.25,0.001084,0.0015914,0.9990774907749078
run1-B16-s30-clustered.json,1701,clustered,0.3,16,block_accelerate,0.25,0.001459,0.0021922,0.7422892392049348
run1-B64-s40-clustered.json,1701,clustered,0.4,64,dense_accelerate,0.0,0.001041,0.0015412,1.0
run1-B64-s40-clustered.json,1701,clustered,0.4,64,irregular_native,0.5,0.001083,0.0011166,0.961218836565097
run1-B64-s40-clustered.json,1701,clustered,0.4,64,irregular_expanded_native,0.5,0.001,0.0011082,1.041
run1-B64-s40-clustered.json,1701,clustered,0.4,64,block_native,0.5,0.000667,0.0008582,1.5607196401799102
run1-B64-s40-clustered.json,1701,clustered,0.4,64,block_accelerate,0.5,0.000791,0.0008666,1.316055625790139
run1-B16-s40-scattered.json,1701,scattered,0.4,16,dense_accelerate,0.0,0.001084,0.0013249999999999998,1.0
run1-B16-s40-scattered.json,1701,scattered,0.4,16,irregular_native,0.3984375,0.001125,0.0013082,0.9635555555555555
run1-B16-s40-scattered.json,1701,scattered,0.4,16,irregular_expanded_native,0.0,0.001958,0.002,0.553626149131767
run1-B16-s40-scattered.json,1701,scattered,0.4,16,block_native,0.0,0.001458,0.0017917999999999999,0.7434842249657063
run1-B16-s40-scattered.json,1701,scattered,0.4,16,block_accelerate,0.0,0.002375,0.002617,0.4564210526315789
run1-B16-s40-clustered.json,1701,clustered,0.4,16,dense_accelerate,0.0,0.001167,0.0017247999999999999,1.0
run1-B16-s40-clustered.json,1701,clustered,0.4,16,irregular_native,0.375,0.001125,0.0012668,1.0373333333333334
run1-B16-s40-clustered.json,1701,clustered,0.4,16,irregular_expanded_native,0.375,0.001292,0.0014918,0.9032507739938082
run1-B16-s40-clustered.json,1701,clustered,0.4,16,block_native,0.375,0.000917,0.0012,1.2726281352235551
run1-B16-s40-clustered.json,1701,clustered,0.4,16,block_accelerate,0.375,0.001583,0.0019086,0.7372078332280481
run1-B32-s20-clustered.json,1701,clustered,0.2,32,dense_accelerate,0.0,0.001,0.0015496,1.0
run1-B32-s20-clustered.json,1701,clustered,0.2,32,irregular_native,0.25,0.001291,0.0016083999999999998,0.774593338497289
run1-B32-s20-clustered.json,1701,clustered,0.2,32,irregular_expanded_native,0.25,0.001375,0.0015336,0.7272727272727273
run1-B32-s20-clustered.json,1701,clustered,0.2,32,block_native,0.25,0.001,0.0013338,1.0
run1-B32-s20-clustered.json,1701,clustered,0.2,32,block_accelerate,0.25,0.001084,0.0013912,0.9225092250922511
run1-B32-s30-scattered.json,1701,scattered,0.3,32,dense_accelerate,0.0,0.001083,0.0012494,1.0
run1-B32-s30-scattered.json,1701,scattered,0.3,32,irregular_native,0.296875,0.001375,0.0015664,0.7876363636363637
run1-B32-s30-scattered.json,1701,scattered,0.3,32,irregular_expanded_native,0.0,0.001833,0.0019498,0.5908346972176759
run1-B32-s30-scattered.json,1701,scattered,0.3,32,block_native,0.0,0.001375,0.0016996000000000001,0.7876363636363637
run1-B32-s30-scattered.json,1701,scattered,0.3,32,block_accelerate,0.0,0.001416,0.0017836,0.7648305084745763
run1-B64-s30-scattered.json,1701,scattered,0.3,64,dense_accelerate,0.0,0.001083,0.001225,1.0
run1-B64-s30-scattered.json,1701,scattered,0.3,64,irregular_native,0.296875,0.00125,0.0015834,0.8664
run1-B64-s30-scattered.json,1701,scattered,0.3,64,irregular_expanded_native,0.0,0.001958,0.0020918,0.5531154239019407
run1-B64-s30-scattered.json,1701,scattered,0.3,64,block_native,0.0,0.001583,0.0016502,0.6841440303221731
run1-B64-s30-scattered.json,1701,scattered,0.3,64,block_accelerate,0.0,0.001208,0.0015588,0.896523178807947
run1-B8-s30-scattered.json,1701,scattered,0.3,8,dense_accelerate,0.0,0.001042,0.0013503999999999999,1.0
run1-B8-s30-scattered.json,1701,scattered,0.3,8,irregular_native,0.296875,0.001291,0.0016336,0.807126258714175
run1-B8-s30-scattered.json,1701,scattered,0.3,8,irregular_expanded_native,0.0,0.001875,0.0019834,0.5557333333333333
run1-B8-s30-scattered.json,1701,scattered,0.3,8,block_native,0.0,0.00225,0.002375,0.46311111111111114
run1-B8-s30-scattered.json,1701,scattered,0.3,8,block_accelerate,0.0,0.0025,0.00325,0.41679999999999995
run1-B8-s20-clustered.json,1701,clustered,0.2,8,dense_accelerate,0.0,0.001208,0.0017162,1.0
run1-B8-s20-clustered.json,1701,clustered,0.2,8,irregular_native,0.1875,0.001708,0.0018415999999999999,0.7072599531615925
run1-B8-s20-clustered.json,1701,clustered,0.2,8,irregular_expanded_native,0.1875,0.001625,0.0019834,0.7433846153846154
run1-B8-s20-clustered.json,1701,clustered,0.2,8,block_native,0.1875,0.0015,0.0018755999999999998,0.8053333333333333
run1-B8-s20-clustered.json,1701,clustered,0.2,8,block_accelerate,0.1875,0.002542,0.0035914,0.47521636506687653
run1-B32-s40-clustered.json,1701,clustered,0.4,32,dense_accelerate,0.0,0.001208,0.00165,1.0
run1-B32-s40-clustered.json,1701,clustered,0.4,32,irregular_native,0.5,0.000875,0.001125,1.3805714285714286
run1-B32-s40-clustered.json,1701,clustered,0.4,32,irregular_expanded_native,0.5,0.001083,0.0011167999999999998,1.1154201292705448
run1-B32-s40-clustered.json,1701,clustered,0.4,32,block_native,0.5,0.000916,0.0009918,1.3187772925764192
run1-B32-s40-clustered.json,1701,clustered,0.4,32,block_accelerate,0.5,0.000917,0.0011409999999999999,1.3173391494002182
run1-B32-s40-scattered.json,1701,scattered,0.4,32,dense_accelerate,0.0,0.001042,0.00155,1.0
run1-B32-s40-scattered.json,1701,scattered,0.4,32,irregular_native,0.3984375,0.001083,0.0012998,0.9621421975992613
run1-B32-s40-scattered.json,1701,scattered,0.4,32,irregular_expanded_native,0.0,0.001458,0.0018666,0.7146776406035664
run1-B32-s40-scattered.json,1701,scattered,0.4,32,block_native,0.0,0.00125,0.0014835999999999998,0.8335999999999999
run1-B32-s40-scattered.json,1701,scattered,0.4,32,block_accelerate,0.0,0.001667,0.0018499999999999999,0.6250749850029993
run1-B8-s20-scattered.json,1701,scattered,0.2,8,dense_accelerate,0.0,0.001,0.001483,1.0
run1-B8-s20-scattered.json,1701,scattered,0.2,8,irregular_native,0.203125,0.001292,0.0015584,0.7739938080495357
run1-B8-s20-scattered.json,1701,scattered,0.2,8,irregular_expanded_native,0.0,0.001792,0.001975,0.5580357142857143
run1-B8-s20-scattered.json,1701,scattered,0.2,8,block_native,0.0,0.001709,0.0021081999999999997,0.5851375073142189
run1-B8-s20-scattered.json,1701,scattered,0.2,8,block_accelerate,0.0,0.003375,0.0034832,0.2962962962962963
