model,metric,sparsity_pct,value_pct,min_pct,max_pct
Llama 3.2 1B,relative_perplexity_increase,10,2.520034,,
Llama 3.2 1B,relative_perplexity_increase,20,8.772607,,
Llama 3.2 1B,relative_perplexity_increase,30,20.168091,,
Llama 3.2 1B,wall_clock_speedup,10,-27.547712,-28.705596,-26.812990
Llama 3.2 1B,wall_clock_speedup_per_neuron,10,4.617962,2.553617,7.253904
Llama 3.2 1B,wall_clock_speedup,20,-18.646923,-20.545281,-15.788902
Llama 3.2 1B,wall_clock_speedup_per_neuron,20,16.343875,14.479483,17.839723
Llama 3.2 1B,wall_clock_speedup,30,-10.637489,-11.718651,-8.864819
Llama 3.2 1B,wall_clock_speedup_per_neuron,30,25.282236,25.133179,25.395264
Llama 3.2 1B,wall_clock_speedup,40,2.256618,1.634328,3.113246
Llama 3.2 1B,wall_clock_speedup_per_neuron,40,38.077244,35.366026,41.684303
Llama 3.2 1B,wall_clock_speedup,50,20.872953,19.085968,22.000513
Llama 3.2 1B,wall_clock_speedup_per_neuron,50,62.604942,59.970338,65.350136
Llama 3.2 1B,wall_clock_speedup,60,46.474629,44.598896,48.021828
Llama 3.2 1B,wall_clock_speedup_per_neuron,60,98.276406,94.475744,100.420492
Llama 3.2 1B,wall_clock_speedup,70,91.171834,89.344414,93.601660
Llama 3.2 1B,wall_clock_speedup_per_neuron,70,160.905759,157.665313,163.723391
Llama 3.2 1B,wall_clock_speedup,80,185.517565,178.559887,193.346788
Llama 3.2 1B,wall_clock_speedup_per_neuron,80,276.964072,269.321756,284.696428
TinyLlama 1.1B,relative_perplexity_increase,10,1.335674,,
TinyLlama 1.1B,relative_perplexity_increase,20,3.156675,,
TinyLlama 1.1B,relative_perplexity_increase,30,6.873603,,
TinyLlama 1.1B,wall_clock_speedup,20,-23.709535,-25.021273,-21.717286
TinyLlama 1.1B,wall_clock_speedup_per_neuron,20,6.169384,5.080720,7.291211
TinyLlama 1.1B,wall_clock_speedup,30,-15.497933,-18.699800,-13.321230
TinyLlama 1.1B,wall_clock_speedup_per_neuron,30,18.397581,14.145865,26.062872
TinyLlama 1.1B,wall_clock_speedup,40,-3.586661,-5.151894,-1.104695
TinyLlama 1.1B,wall_clock_speedup_per_neuron,40,27.758628,14.188242,35.425093
TinyLlama 1.1B,wall_clock_speedup,50,13.447596,10.744854,17.091451
TinyLlama 1.1B,wall_clock_speedup_per_neuron,50,49.255304,36.292794,57.960751
TinyLlama 1.1B,wall_clock_speedup,60,39.928066,38.826530,42.085449
TinyLlama 1.1B,wall_clock_speedup_per_neuron,60,81.378849,77.809195,87.175488
